{
	"pattrstorage" : 	{
		"name" : "floor-lamps",
		"slots" : 		{
			"1" : 			{
				"id" : 1,
				"name" : "test",
				"data" : 				{
					"nodes" : [ 0.740196078431373, 0.921383647798742, 0.128398645379778, 1, 0.534313725490196, 0.921383647798742, 0.143396226415094, 1, 0.833333333333333, 0.676100628930818, 0.130817610062893, 1, 0.799019607843137, 0.273584905660377, 0.225157232704403, 1, 0.230392156862745, 0.179245283018868, 0.181132075471698, 1, 0.205882352941176, 0.757861635220126, 0.155974842767296, 1, 0.269607843137255, 0.921383647798742, 0.137106918238994, 1, 0.778481012658228, 0.387820512820513, 0.012820512820513, 1 ],
					"sc.texture.camera.simple::texture_name" : [ 0 ],
					"sc.texture.camera.simple::automatic[1]" : [ 0 ],
					"sc.texture.camera.simple::unique" : [ 1 ],
					"sc.texture.camera.simple::hflip" : [ 0.0 ],
					"sc.texture.syphon.input::drawto" : [ "lampy" ],
					"sc.texture.syphon.input::servername" : [ "" ],
					"sc.texture.syphon.input::appname" : [ "" ],
					"sc.texture.presence::threshold" : [ 0.09 ],
					"sc.texture.presence::bypass" : [ 0.0 ],
					"sc.texture.presence::blur" : [ 3.904999971389771, 3.904999971389771 ],
					"sc.texture.presence::memory" : [ 0.9 ],
					"sc.texture.presence::lpf" : [ 1.0 ],
					"sc.texture.presence::u115002380" : [ 3.904999971389771, 3.904999971389771 ],
					"sc.texture.presence::use_threshold" : [ 1.0 ],
					"patcher::sc.texture.roi[0]::start_pos" : [ 0.68, 0.86 ],
					"patcher::sc.texture.roi[0]::src_dim" : [ 0.13, 0.13 ],
					"patcher::sc.texture.roi[0]::drawto" : [ "lampy" ],
					"patcher::sc.texture.roi[1]::start_pos" : [ 0.46, 0.85 ],
					"patcher::sc.texture.roi[1]::src_dim" : [ 0.14, 0.14 ],
					"patcher::sc.texture.roi[1]::drawto" : [ "lampy" ],
					"patcher::sc.texture.roi[2]::start_pos" : [ 0.77, 0.61 ],
					"patcher::sc.texture.roi[2]::src_dim" : [ 0.13, 0.13 ],
					"patcher::sc.texture.roi[2]::drawto" : [ "lampy" ],
					"patcher::sc.texture.roi[3]::start_pos" : [ 0.69, 0.16 ],
					"patcher::sc.texture.roi[3]::src_dim" : [ 0.23, 0.23 ],
					"patcher::sc.texture.roi[3]::drawto" : [ "lampy" ],
					"patcher::sc.texture.roi[7]::start_pos" : [ 0.77, 0.38 ],
					"patcher::sc.texture.roi[7]::src_dim" : [ 0.01, 0.01 ],
					"patcher::sc.texture.roi[7]::drawto" : [ "lampy" ],
					"patcher::sc.texture.roi[6]::start_pos" : [ 0.2, 0.85 ],
					"patcher::sc.texture.roi[6]::src_dim" : [ 0.14, 0.14 ],
					"patcher::sc.texture.roi[6]::drawto" : [ "lampy" ],
					"patcher::sc.texture.roi[5]::start_pos" : [ 0.13, 0.68 ],
					"patcher::sc.texture.roi[5]::src_dim" : [ 0.16, 0.16 ],
					"patcher::sc.texture.roi[5]::drawto" : [ "lampy" ],
					"patcher::sc.texture.roi[4]::start_pos" : [ 0.14, 0.09 ],
					"patcher::sc.texture.roi[4]::src_dim" : [ 0.18, 0.18 ],
					"patcher::sc.texture.roi[4]::drawto" : [ "lampy" ],
					"patcher[1]::center" : [ 0.680555555555556, 0.930555555555556 ],
					"patcher[1]::radius" : [ 0.741666666666666 ],
					"patcher[1]::igrad" : [ 1.0 ],
					"patcher[1]::center1" : [ 0.826388888888889, 1.0 ],
					"patcher[1]::radius1" : [ 0.311111111111111 ],
					"patcher[1]::igrad1" : [ 1.0 ],
					"patcher[1]::center2" : [ 0.8125, 0.618055555555556 ],
					"patcher[1]::radius2" : [ 0.2 ],
					"patcher[1]::igrad2" : [ 1.0 ],
					"patcher[1]::center3" : [ 0.576388888888889, 0.534722222222222 ],
					"patcher[1]::radius3" : [ 0.429166666666667 ],
					"patcher[1]::igrad3" : [ 1.0 ],
					"patcher[1]::center4" : [ 0.118055555555556, 0.138888888888889 ],
					"patcher[1]::radius4" : [ 0.456944444444444 ],
					"patcher[1]::igrad4" : [ 1.0 ],
					"patcher[1]::center5" : [ 0.0, 0.444444444444444 ],
					"patcher[1]::radius5" : [ 0.2 ],
					"patcher[1]::igrad5" : [ 1.0 ],
					"patcher[1]::center6" : [ 0.395833333333333, 0.576388888888889 ],
					"patcher[1]::radius6" : [ 0.366666666666667 ],
					"patcher[1]::igrad6" : [ 1.0 ],
					"patcher[1]::center7" : [ 0.534722222222222, 0.458333333333333 ],
					"patcher[1]::radius7" : [ 0.0 ],
					"patcher[1]::igrad7" : [ 1.0 ],
					"patcher[1]::mnode0" : [ 0.680555555555556, 0.930555555555556, 0.741666666666666, 1 ],
					"patcher[1]::mnode1" : [ 0.826388888888889, 1.0, 0.311111111111111, 1 ],
					"patcher[1]::mnode2" : [ 0.8125, 0.618055555555556, 0.2, 1 ],
					"patcher[1]::mnode3" : [ 0.576388888888889, 0.534722222222222, 0.429166666666667, 1 ],
					"patcher[1]::mnode4" : [ 0.118055555555556, 0.138888888888889, 0.456944444444444, 1 ],
					"patcher[1]::mnode5" : [ 0.0, 0.444444444444444, 0.2, 1 ],
					"patcher[1]::mnode6" : [ 0.395833333333333, 0.576388888888889, 0.366666666666667, 1 ],
					"patcher[1]::mnode7" : [ 0.534722222222222, 0.458333333333333, 0.0, 1 ],
					"slides::slide0" : [ 0.0, 0.0 ],
					"slides::slide1" : [ 0.0, 0.0 ],
					"slides::slide2" : [ 0.0, 0.0 ],
					"slides::slide3" : [ 0.0, 0.0 ],
					"slides::slide4" : [ 0.0, 0.0 ],
					"slides::slide5" : [ 0.0, 0.0 ],
					"slides::slide6" : [ 0.0, 0.0 ],
					"slides::slide7" : [ 0.0, 0.0 ],
					"sc.texture.opflow[8]::offset" : [ 3.0, 3.0 ],
					"sc.texture.opflow[8]::opflow_force" : [ 1.0 ],
					"sc.texture.opflow[8]::opflow_lambda" : [ 0.03 ],
					"sc.texture.opflow[8]::opflow_thresh" : [ 0.0 ],
					"sc.texture.opflow[8]::diff_thresh" : [ 0.0 ],
					"ranges::r-lamp0" : [  ],
					"ranges::r-lamp1" : [  ],
					"ranges::r-lamp2" : [  ],
					"ranges::r-lamp3" : [  ],
					"ranges::r-lamp4" : [  ],
					"ranges::r-lamp5" : [  ],
					"ranges::r-lamp6" : [  ],
					"ranges::r-lamp7" : [  ]
				}

			}
,
			"2" : 			{
				"id" : 2,
				"name" : "full-test",
				"data" : 				{
					"nodes" : [ 0.740196078431373, 0.921383647798742, 0.128398645379778, 1, 0.534313725490196, 0.921383647798742, 0.143396226415094, 1, 0.833333333333333, 0.676100628930818, 0.130817610062893, 1, 0.799019607843137, 0.273584905660377, 0.225157232704403, 1, 0.230392156862745, 0.179245283018868, 0.181132075471698, 1, 0.205882352941176, 0.757861635220126, 0.155974842767296, 1, 0.269607843137255, 0.921383647798742, 0.137106918238994, 1, 0.778481012658228, 0.387820512820513, 0.012820512820513, 1 ],
					"sc.texture.camera.simple::texture_name" : [ 0 ],
					"sc.texture.camera.simple::automatic[1]" : [ 0 ],
					"sc.texture.camera.simple::unique" : [ 1 ],
					"sc.texture.camera.simple::hflip" : [ 0.0 ],
					"sc.texture.syphon.input::drawto" : [ "lampy" ],
					"sc.texture.syphon.input::servername" : [ "" ],
					"sc.texture.syphon.input::appname" : [ "" ],
					"sc.texture.presence::threshold" : [ 0.09 ],
					"sc.texture.presence::bypass" : [ 0.0 ],
					"sc.texture.presence::blur" : [ 3.904999971389771, 3.904999971389771 ],
					"sc.texture.presence::memory" : [ 0.9 ],
					"sc.texture.presence::lpf" : [ 1.0 ],
					"sc.texture.presence::u115002380" : [ 3.904999971389771, 3.904999971389771 ],
					"sc.texture.presence::use_threshold" : [ 1.0 ],
					"patcher::sc.texture.roi[0]::start_pos" : [ 0.68, 0.86 ],
					"patcher::sc.texture.roi[0]::src_dim" : [ 0.13, 0.13 ],
					"patcher::sc.texture.roi[0]::drawto" : [ "lampy" ],
					"patcher::sc.texture.roi[1]::start_pos" : [ 0.46, 0.85 ],
					"patcher::sc.texture.roi[1]::src_dim" : [ 0.14, 0.14 ],
					"patcher::sc.texture.roi[1]::drawto" : [ "lampy" ],
					"patcher::sc.texture.roi[2]::start_pos" : [ 0.77, 0.61 ],
					"patcher::sc.texture.roi[2]::src_dim" : [ 0.13, 0.13 ],
					"patcher::sc.texture.roi[2]::drawto" : [ "lampy" ],
					"patcher::sc.texture.roi[3]::start_pos" : [ 0.69, 0.16 ],
					"patcher::sc.texture.roi[3]::src_dim" : [ 0.23, 0.23 ],
					"patcher::sc.texture.roi[3]::drawto" : [ "lampy" ],
					"patcher::sc.texture.roi[7]::start_pos" : [ 0.77, 0.38 ],
					"patcher::sc.texture.roi[7]::src_dim" : [ 0.01, 0.01 ],
					"patcher::sc.texture.roi[7]::drawto" : [ "lampy" ],
					"patcher::sc.texture.roi[6]::start_pos" : [ 0.2, 0.85 ],
					"patcher::sc.texture.roi[6]::src_dim" : [ 0.14, 0.14 ],
					"patcher::sc.texture.roi[6]::drawto" : [ "lampy" ],